"ID"	"Kingdom"	"Phylum"	"Class"	"Order"	"Family"	"Genus"	"Species"	"Species_exact"	"confidence"	"sequence"	"SAMPLE1_PE"
"00a96fbd0ac34bfd245f9c24f8737f7d"	"Bacteria"	"Bacillota"	"Clostridia"	"Lachnospirales"	"Lachnospiraceae"	"Blautia"	"obeum"	"obeum"	0.96	"TACGTAGGGGGCAAGCGTTATCCGGATTTACTGGGTGTAAAGGGAGCGTAGACGGACTGGCAAGTCTGATGTGAAAGGCGGGGGCTCAACCCCTGGACTGCATTGGAAACTGTTAGTCTTGAGTGCCGGAGAGGTAAGCGGAATTCCTAGTGTAGCGGTGAAATGCGTAGATATTAGGAGGAACACCAGTGGCGAAGGCGGCTTACTGGACGGTAACTGACGTTGAGGCTCGAAAGCGTGGGGAGCAAACAGG"	0.0164795451260059
"0243b68c76049aa1b8c51a20333da950"	"Bacteria"	"Bacillota"	"Clostridia"	"Lachnospirales"	"Lachnospiraceae"	"Lachnospiraceae ND3007 group"	""	""	1	"TACGTATGGTGCAAGCGTTATCCGGATTTACTGGGTGTAAAGGGAGCGTAGGTGGCAAGGCAAGCCAGAAGTGAAAACCCGGGGCTCAACCGCGGGATTGCTTTTGGAACTGTCATGCTAGAGTGCAGGAGGGGTGAGCGGAATTCCTAGTGTAGCGGTGAAATGCGTAGATATTAGGAGGAACACCGGAGGCGAAGGCGGCTCACTGGACTGTAACTGACACTGAGGCTCGAAAGCGTGGGGAGCAAACAGG"	0.00399942177034646
"07da22cab5c55a4badb462bcbbded642"	"Bacteria"	"Pseudomonadota"	"Alphaproteobacteria"	"Hyphomicrobiales"	"Rhizobiaceae"	"Phyllobacterium"	"myrsinacearum"	""	0.95	"TACGAAGGGGGCTAGCGTTGTTCGGATTTACTGGGCGTAAAGCGCACGTAGGCGGACTATTAAGTCAGGGGTGAAATCCCGGGGCTCAACCCCGGAACTGCCTTTGATACTGGTAGTCTTGAGTTCGAGAGAGGTGAGTGGAATTCCGAGTGTAGAGGTGAAATTCGTAGATATTCGGAGGAACACCAGTGGCGAAGGCGGCTCACTGGCTCGATACTGACGCTGAGGTGCGAAAGCGTGGGGAGCAAACAGG"	0.000337300631234038
"08bd43071a06abf56df235fca6655bea"	"Bacteria"	"Bacillota"	"Clostridia"	"Lachnospirales"	"Lachnospiraceae"	"Mediterraneibacter"	""	""	1	"TACGTATGGTGCAAGCGTTATCCGGATTTACTGGGTGTAAAGGGAGCGTAGACGGATGGGCAAGTCTGATGTGAAAACCCGGGGCTCAACCCCGGGACTGCATTGGAAACTGTTCATCTAGAGTGCTGGAGAGGTAAGTGGAATTCCTAGTGTAGCGGTGAAATGCGTAGATATTAGGAGGAACACCAGTGGCGAAGGCGGCTTACTGGACAGTAACTGACGTTGAGGCTCGAAAGCGTGGGGAGCAAACAGG"	0.00221654700525225
"0a035a7ec1f4a194dd7fbda3c5660db0"	"Bacteria"	"Bacillota"	"Clostridia"	"Lachnospirales"	"Lachnospiraceae"	"Enterocloster"	""	""	0.97	"TACGTAGGGGGCAAGCGTTATCCGGATTTACTGGGTGTAAAGGGAGCGCAGACGGCGATGCAAGTCTGGAGTGAAAGCCCGGGGCTCAACCCCGGGACTGCTTTGGAAACTGTATGGCTAGAGTGCTGGAGAGGCAAGCGGAATTCCTAGTGTAGCGGTGAAATGCGTAGATATTAGGAAGAACACCAGTGGCGAAGGCGGCTTGCTGGACAGTAACTGACGTTCAGGCTCGAAAGCGTGGGGAGCAAACAGG"	0.00159013154724618
"0a68ec564e278b0246c920ad7de41880"	"Bacteria"	"Bacillota"	"Clostridia"	"Lachnospirales"	"Lachnospiraceae"	"Blautia"	""	"massiliensis"	0.89	"TACGTAGGGGGCAAGCGTTATCCGGATTTACTGGGTGTAAAGGGAGCGTAGACGGATGGACAAGTCTGATGTGAAAGGCTGGGGCTCAACCCCGGGACTGCATTGGAAACTGCCCGTCTTGAGTGCCGGAGAGGTAAGCGGAATTCCTAGTGTAGCGGTGAAATGCGTAGATATTAGGAGGAACACCAGTGGCGAAGGCGGCTTACTGGACGGTAACTGACGTTGAGGCTCGAAAGCGTGGGGAGCAAACAGG"	0.0486676625066255
"119eea33cb9f505d6a20297d132e792a"	"Bacteria"	"Bacillota"	"Clostridia"	"Lachnospirales"	"Lachnospiraceae"	"Lachnoclostridium"	""	"edouardi"	0.74	"TACGTAGGGGGCAAGCGTTATCCGGATTTACTGGGTGTAAAGGGAGCGTAGACGGTAAAGCAAGTCTGAAGTGAAAGCCCGGGGCTCAACCCCGGGACTGCTTTGGAAACTGTTTAACTAGAGTGCTGGAGAGGTAAGCGGAATTCCTAGTGTAGCGGTGAAATGCGTAGATATTAGGAGGAACACCAGTGGCGAAGGCGGCTTACTGGACAGTAACTGACGTTGAGGCTCGAAAGCGTGGGGAGCAAACAGG"	0.000867344480316099
"149465e40c1bdbc6230588a58a4d6eb0"	"Bacteria"	"Bacillota"	"Clostridia"	"Oscillospirales"	"Ruminococcaceae"	"Acutalibacter"	""	""	0.99	"TACGTAGGGAGCAAGCGTTGTCCGGATTTACTGGGTGTAAAGGGTGCGTAGGCGGCTAGGCAAGTCAGACGTGAAAACCATGGGCTCAACCTGTGGACTGCGTTTGAAACTGTTTAGCTTGAGTGAAGTAGAGGTAGGCGGAATTCCCGGTGTAGCGGTGAAATGCGTAGAGATCGGGAGGAACACCAGTGGCGAAGGCGGCCTACTGGGCTTTAACTGACGCTGAGGCACGAAAGCATGGGTAGCAAACAGG"	0.000433672240158049
"1a9df3fbbc7fc8cecec4239cf801d2fc"	"Bacteria"	"Bacillota"	"Clostridia"	"Monoglobales"	"Monoglobaceae"	"Monoglobus"	""	""	1	"TACGTAGGTGACAAGCGTTGTCCGGATTTACTGGGTGTAAAGGGCGCGTAGGCGGACTGTCAAGTCAGTCGTGAAATACCGGGGCTTAACCCCGGGGCTGCGATTGAAACTGACAGCCTTGAGTATCGGAGAGGAAAGCGGAATTCCTAGTGTAGCGGTGAAATGCGTAGATATTAGGAGGAACACCAGTGGCGAAGGCGGCTTTCTGGACGACAACTGACGCTGAGGCGCGAAAGTGTGGGGAGCAAACAGG"	0.00857707319423698
"1b23e74fb43b2b8a2d20b91679cf8e0e"	"Bacteria"	"Actinomycetota"	"Actinobacteria"	"Bifidobacteriales"	"Bifidobacteriaceae"	"Bifidobacterium"	"animalis"	"animalis"	1	"TACGTAGGGTGCGAGCGTTATCCGGATTTATTGGGCGTAAAGGGCTCGTAGGCGGTTCGTCGCGTCCGGTGTGAAAGTCCATCGCCTAACGGTGGATCTGCGCCGGGTACGGGCGGGCTGGAGTGCGGTAGGGGAGACTGGAATTCCCGGTGTAACGGTGGAATGTGTAGATATCGGGAAGAACACCAATGGCGAAGGCAGGTCTCTGGGCCGTCACTGACGCTGAGGAGCGAAAGCGTGGGGAGCGAACAGG"	0.000433672240158049
"21dcfff18d552ae0ca669d213652bda3"	"Bacteria"	"Bacillota"	"Clostridia"	"Oscillospirales"	"[Eubacterium] coprostanoligenes group"	""	""	""	1	"TACGTAGGTGGCAAGCGTTGTCCGGAATTACTGGGTGTAAAGGGAGCGTAGGCGGGATGCCAAGTCAGCTGTGAAAACTATGGGCTTAACTTGTAGACTGCAGTTGAAACTGGTATTCTTGAGTGAAGTAGAGGTTGGCGGAATTCCGAGTGTAGCGGTGAAATGCGTAGATATTCGGAGGAACACCGGTGGCGAAGGCGGCCAACTGGGCTTTAACTGACGCTGAGGCTCGAAAGTGTGGGGAGCAAACAGG"	0.00746879969161085
"2307a4022a780449ab3d646179f059bb"	"Bacteria"	"Bacillota"	"Clostridia"	"Oscillospirales"	"Ruminococcaceae"	"Faecalibacterium"	"prausnitzii"	""	0.63	"AACGTAGGTCACAAGCGTTGTCCGGAATTACTGGGTGTAAAGGGAGCGCAGGCGGGAGAACAAGTTGGAAGTGAAATCCATGGGCTTAACCCATGAACTGCTTTCAAAACTGTTTTTCTTGAGTAGTGCAGAGGTAGGCGGAATTCCCGGTGTAGCGGTGGAATGCGTAGATATCGGGAGGAACACCAGTGGCGAAGGCGGCCTACTGGGCACCAACTGACGCTGAGGCTCGAAAGTGTGGGTAGCAAACAGG"	0.0043849082060425
"243a590b7a6c17e5a16dff4bc7033ac1"	"Bacteria"	"Bacteroidota"	"Bacteroidia"	"Bacteroidales"	"Bacteroidaceae"	"Bacteroides"	"eggerthii"	"eggerthii"	0.99	"TACGGAGGATCCGAGCGTTATCCGGATTTATTGGGTTTAAAGGGAGCGTAGGCGGGTGCTTAAGTCAGTTGTGAAAGTTTGCGGCTCAACCGTAAAATTGCAGTTGATACTGGGCGCCTTGAGTGCAGCATAGGTAGGCGGAATTCGTGGTGTAGCGGTGAAATGCTTAGATATCACGAAGAACTCCGATTGCGAAGGCAGCTTACTGGACTGTAACTGACGCTGATGCTCGAAAGTGTGGGTATCAAACAGG"	0.00337300631234038
"263e41ea2c25dc87bd2ff5910cf30d40"	"Bacteria"	"Bacillota"	"Clostridia"	"Lachnospirales"	"Lachnospiraceae"	"Agathobacter"	""	""	0.98	"TACGTATGGTGCAAGCGTTATCCGGATTTACTGGGTGTAAAGGGAGCGCAGGCGGTGCGGCAAGTCTGATGTGAAAGCCCGGGGCTCAACCCCGGTACTGCATTGGAAACTGTCGTACTAGAGTGTCGGAGGGGTAAGCGGAATTCCTAGTGTAGCGGTGAAATGCGTAGATATTAGGAGGAACACCAGTGGCGAAGGCGGCTTACTGGACGATAACTGACGCTGAGGCTCGAAAGCGTGGGGAGCAAACAGG"	0.0295860839396714
"2e4f2b53b856c4def6d021d01f5abb70"	"Bacteria"	"Bacillota"	"Clostridia"	"Lachnospirales"	"Lachnospiraceae"	"Dorea"	""	"longicatena"	0.94	"TACGTAGGGGGCAAGCGTTATCCGGATTTACTGGGTGTAAAGGGAGCGTAGACGGCACGGCAAGCCAGATGTGAAAGCCCGGGGCTCAACCCCGGGACTGCATTTGGAACTGCTGAGCTAGAGTGTCGGAGAGGCAAGTGGAATTCCTAGTGTAGCGGTGAAATGCGTAGATATTAGGAGGAACACCAGTGGCGAAGGCGGCTTGCTGGACGATGACTGACGTTGAGGCTCGAAAGCGTGGGGAGCAAACAGG"	0.0293933407218234
"332a6411ff00b4010ac2397f504c4695"	"Bacteria"	"Bacteroidota"	"Bacteroidia"	"Bacteroidales"	"Rikenellaceae"	"Alistipes"	"putredinis"	"putredinis"	0.98	"TACGGAGGATTCAAGCGTTATCCGGATTTATTGGGTTTAAAGGGTGCGTAGGCGGTTTGATAAGTTAGAGGTGAAATTTCGGGGCTCAACCCTGAACGTGCCTCTAATACTGTTGAGCTAGAGAGTAGTTGCGGTAGGCGGAATGTATGGTGTAGCGGTGAAATGCTTAGAGATCATACAGAACACCGATTGCGAAGGCAGCTTACCAAACTATATCTGACGTTGAGGCACGAAAGCGTGGGGAGCAAACAGG"	0.0017828747650942
"333bbf9224442fc10cd497377d2b1d01"	"Bacteria"	"Bacteroidota"	"Bacteroidia"	"Bacteroidales"	"Bacteroidaceae"	"Bacteroides"	"uniformis"	"uniformis"	0.86	"TACGGAGGATCCGAGCGTTATCCGGATTTATTGGGTTTAAAGGGAGCGTAGGCGGACGCTTAAGTCAGTTGTGAAAGTTTGCGGCTCAACCGTAAAATTGCAGTTGATACTGGGTGTCTTGAGTACAGTAGAGGCAGGCGGAATTCGTGGTGTAGCGGTGAAATGCTTAGATATCACGAAGAACTCCGATTGCGAAGGCAGCCTGCTGGACTGTAACTGACGCTGATGCTCGAAAGTGTGGGTATCAAACAGG"	0.00467402303281453
"33518e48b174ac428cb7be1a216c6c6e"	"Bacteria"	"Bacillota"	"Clostridia"	"Lachnospirales"	"Lachnospiraceae"	"Anaerostipes"	"hadrus"	"hadrus"	1	"TACGTAGGGGGCAAGCGTTATCCGGAATTACTGGGTGTAAAGGGTGCGTAGGTGGTATGGCAAGTCAGAAGTGAAAACCCAGGGCTTAACTCTGGGACTGCTTTTGAAACTGTCAGACTGGAGTGCAGGAGAGGTAAGCGGAATTCCTAGTGTAGCGGTGAAATGCGTAGATATTAGGAGGAACATCAGTGGCGAAGGCGGCTTACTGGACTGAAACTGACACTGAGGCACGAAAGCGTGGGGAGCAAACAGG"	0.0166241025393919
"35cbb315e019e0a8768d4b73862df415"	"Bacteria"	"Actinomycetota"	"Coriobacteriia"	"Coriobacteriales"	"Coriobacteriaceae"	"Collinsella"	"aerofaciens"	"aerofaciens"	0.98	"TACGTAGGGGGCGAGCGTTATCCGGATTCATTGGGCGTAAAGCGCGCGTAGGCGGCCCGGCAGGCCGGGGGTCGAAGCGGGGGGCTCAACCCCCCGAAGCCCCCGGAACCTCCGCGGCTTGGGTCCGGTAGGGGAGGGTGGAACACCCGGTGTAGCGGTGGAATGCGCAGATATCGGGTGGAACACCGGTGGCGAAGGCGGCCCTCTGGGCCGAGACCGACGCTGAGGCGCGAAAGCTGGGGGAGCGAACAGG"	0.0533416855394401
"394eda29c886632f514dd94b58381186"	"Bacteria"	"Pseudomonadota"	"Gammaproteobacteria"	"Enterobacterales"	"Pasteurellaceae"	"Haemophilus"	"parainfluenzae"	""	0.93	"TACGGAGGGTGCGAGCGTTAATCGGAATAACTGGGCGTAAAGGGCACGCAGGCGGTGACTTAAGTGAGGTGTGAAAGCCCCGGGCTTAACCTGGGAATTGCATTTCATACTGGGTCGCTAGAGTACTTTAGGGAGGGGTAGAATTCCACGTGTAGCGGTGAAATGCGTAGAGATGTGGAGGAATACCGAAGGCGAAGGCAGCCCCTTGGGAATGTACTGACGCTCATGTGCGAAAGCGTGGGGAGCAAACAGG"	0.000144557413386016
"3bac14d2805bf995afe9d316a5777b1e"	"Bacteria"	"Bacillota"	"Bacilli"	"Lactobacillales"	"Lactobacillaceae"	"Lactobacillus"	"acidophilus"	""	0.77	"TACGTAGGTGGCAAGCGTTGTCCGGATTTATTGGGCGTAAAGCGAGCGCAGGCGGAAGAATAAGTCTGATGTGAAAGCCCTCGGCTTAACCGAGGAACTGCATCGGAAACTGTTTTTCTTGAGTGCAGAAGAGGAGAGTGGAACTCCATGTGTAGCGGTGGAATGCGTAGATATATGGAAGAACACCAGTGGCGAAGGCGGCTCTCTGGTCTGCAACTGACGCTGAGGCTCGAAAGCATGGGTAGCGAACAGG"	0.000385486435696044
"3f6dce06719bb11b6b9bbb8f2c8a5644"	"Bacteria"	"Bacillota"	"Clostridia"	"Oscillospirales"	"Butyricicoccaceae"	"Agathobaculum"	""	""	1	"TACGTAGGGAGCAAGCGTTATCCGGATTTACTGGGTGTAAAGGGCGCGCAGGCGGGCCGGCAAGTTGGAAGTGAAATCCGGGGGCTTAACCCCCGAACTGCTTTCAAAACTGCTGGTCTTGAGTGATGGAGAGGCAGGCGGAATTCCGTGTGTAGCGGTGAAATGCGTAGATATACGGAGGAACACCAGTGGCGAAGGCGGCCTGCTGGACATTAACTGACGCTGAGGCGCGAAAGCGTGGGGAGCAAACAGG"	0.00168650315617019
"40874d61006874f7c87d904707d320d9"	"Bacteria"	"Bacillota"	"Clostridia"	"Clostridiales"	"Clostridiaceae"	"Clostridium"	""	""	1	"TACGTAGGTGGCGAGCGTTGTCCGGATTTACTGGGCGTAAAGGGAGCGTAGGCGGATTTTTAAGTGAGATGTGAAATACTCGGGCTTAACCTGAGTGCTGCATTTCAAACTGGAAGTCTAGAGTGCAGGAGAGGAGAAGGGAATTCCTAGTGTAGCGGTGAAATGCGTAGAGATTAGGAAGAACACCAGTGGCGAAGGCGCTTCTCTGGACTGTAACTGACGCTGAGGCTCGAAAGCGTGGGGAGCAAACAGG"	0.00212017539632824
"421cbd1d71d34704c6d53377261e213c"	"Bacteria"	"Bacillota"	"Clostridia"	"Lachnospirales"	"Lachnospiraceae"	"[Eubacterium] ventriosum group"	""	""	1	"TACGTATGGGGCAAGCGTTATCCGGATTTACTGGGTGTAAAGGGAGCGTAGGCGGCATGGCAAGTCAGAAGTGAAAGCCTGGGGCTCAACCCCGGAATTGCTTTTGAAACTGTCAGGCTAGAGTGTCGGAGGGGTAAGCGGAATTCCTAGTGTAGCGGTGAAATGCGTAGATATTAGGAGGAACACCGGTGGCGAAGGCGGCTTACTGGACGATTACTGACGCTGAGGCTCGAAAGCGTGGGGAGCAAACAGG"	0.00279477665879632
"449608533b41d8ba1b27b8142c7216cb"	"Bacteria"	"Bacteroidota"	"Bacteroidia"	"Bacteroidales"	"Bacteroidaceae"	"Bacteroides"	""	""	1	"TACGGAGGATCCGAGCGTTATCCGGATTTATTGGGTTTAAAGGGAGCGTAGGTGGATTGTTAAGTCAGTTGTGAAAGTTTGCGGCTCAACCGTAAAATTGCAGTTGATACTGGCTGTCTTGAGTACAGTAGAGGTGGGCGGAATTCGTGGTGTAGCGGTGAAATGCTTAGATATCACGAAGAACTCCGATTGCGAAGGCAGCTCACTGGACTGCAACTGACACTGATGCTCGAAAGTGTGGGTATCAAACAGG"	0.000626415458006071
"4e2e6735331ad01a30c94d2f4c285dc2"	"Bacteria"	"Bacillota"	"Clostridia"	"Lachnospirales"	"Lachnospiraceae"	"CAG-56"	""	""	1	"TACGTAGGGGGCAAGCGTTATCCGGATTTACTGGGTGTAAAGGGAGCGTAGACGGCGAGGCAAGTCTGATGTGAAAACCCGGGGCTCAACCCCGTGACTGCATTGGAAACTGTTTTGCTTGAGTGCCGGAGAGGTAAGCGGAATTCCTAGTGTAGCGGTGAAATGCGTAGATATTAGGAGGAACACCAGTGGCGAAGGCGGCTTACTGGACGGCAACTGACGTTGAGGCTCGAAAGCGTGGGGAGCAAACAGG"	0.0120464511155014
"58ec54786e87ae728a8204364a63bb7f"	"Bacteria"	"Bacteroidota"	"Bacteroidia"	"Bacteroidales"	"Bacteroidaceae"	"Bacteroides"	"coprocola"	""	1	"TACGGAGGATGCGAGCGTTATCCGGATTTATTGGGTTTAAAGGGAGCGCAGACGGGAGATTAAGTCAGTTGTGAAAGTTTGCGGCTCAACCGTAAAATTGCAGTTGATACTGGTTTCCTTGAGTGCAGTTGAGGCAGGCGGAATTCGTGGTGTAGCGGTGAAATGCTTAGATATCGCGAAGAACCCCGATTGCGAAGGCAGCTTGCTAAACTGTAACTGACGTTCATGCTCGAAAGTGTGGGTATCAAACAGG"	0.00293933407218234
"5c4563e3dd7e12dcdf279783af929eaa"	"Bacteria"	"Bacillota"	"Clostridia"	"Lachnospirales"	"Lachnospiraceae"	"Agathobacter"	""	""	0.91	"TACGTATGGTGCAAGCGTTATCCGGATTTACTGGGTGTAAAGGGAGCGCAGGCGGTGCGGCAAGTCTGATGTGAAAGCCCGGGGCTCAACCCCGGTACTGCATTGGAAACTGTCGTACTAGAGTGTCGGAGGGGTAAGTGGAATTCCTAGTGTAGCGGTGAAATGCGTAGATATTAGGAGGAACACCAGTGGCGAAGGCGGCTTACTGGACGATAACTGACGCTGAGGCTCGAAAGCGTGGGGAGCAAACAGG"	0.034790150821568
"61535a40adb8221483821e3984d0b1ac"	"Bacteria"	"Bacillota"	"Clostridia"	"Lachnospirales"	"Lachnospiraceae"	"[Ruminococcus] gauvreauii group"	""	""	0.96	"TACGTAGGGGGCAAGCGTTATCCGGATTTACTGGGTGTAAAGGGAGCGTAGACGGAATGGCAAGTCTGATGTGAAAGGCCGGGGCTCAACCCCGGGACTGCATTGGAAACTGTCAATCTAGAGTACCGGAGGGGTAAGTGGAATTCCTAGTGTAGCGGTGAAATGCGTAGATATTAGGAGGAACACCAGTGGCGAAGGCGGCTTACTGGACGGTAACTGACGTTGAGGCTCGAAAGCGTGGGGAGCAAACAGG"	0.00486676625066255
"629f41c0de31ba20f5d2b3f4c69e09c1"	"Bacteria"	"Actinomycetota"	"Coriobacteriia"	"Coriobacteriales"	"Eggerthellaceae"	"Eggerthella"	"lenta"	"lenta"	0.98	"TACGTAGGGAGCGAGCGTTATCCGGATTCATTGGGCGTAAAGAGCGCGTAGGCGGCCTCTCAAGCGGGATCTCTAATCCGAGGGCTCAACCCCCGGCCGGATCCCGAACTGGGAGGCTCGAGTTCGGTAGAGGCAGGCGGAATTCCCGGTGTAGCGGTGGAATGCGCAGATATCGGGAAGAACACCGATGGCGAAGGCAGCCTGCTGGGCCGCAACTGACGCTGAGGCGCGAAAGCTAGGGGAGCGAACAGG"	0.000915530284778104
"6420671c26eef32065e0275c8cd6701e"	"Bacteria"	"Bacillota"	"Clostridia"	"Peptostreptococcales-Tissierellales"	"Peptostreptococcaceae"	"Intestinibacter"	""	"bartlettii"	0.95	"TACGTAGGGGGCTAGCGTTATCCGGATTTACTGGGCGTAAAGGGTGCGTAGGCGGTCTTTTAAGTCAGGAGTGAAAGGCTACGGCTCAACCGTAGTAAGCTCTTGAAACTGGAGGACTTGAGTGCAGGAGAGGAGAGTGGAATTCCTAGTGTAGCGGTGAAATGCGTAGATATTAGGAGGAACACCAGTAGCGAAGGCGGCTCTCTGGACTGTAACTGACGCTGAGGCACGAAAGCGTGGGGAGCAAACAGG"	0.00327663470341637
"65990c74559e4adfaa672a884ad7d464"	"Bacteria"	"Bacillota"	"Clostridia"	"Lachnospirales"	"Lachnospiraceae"	"Coprococcus"	"catus"	"catus"	0.78	"TACGTAGGGGGCAAGCGTTATCCGGATTTACTGGGTGTAAAGGGAGCGTAGGCGGCGGAGCAAGTCAGAAGTGAAAGCCCGGGGCTCAACCCCGGGACGGCTTTTGAAACTGCCCTGCTTGATTTCAGGAGAGGTAAGCGGAATTCCTAGTGTAGCGGTGAAATGCGTAGATATTAGGAGGAACACCAGTGGCGAAGGCGGCTTACTGGACTGACAATGACGCTGAGGCTCGAAAGCGTGGGGAGCAAACAGG"	0.0017828747650942
"663d5f684db5cda5de811ec62743b8b1"	"Bacteria"	"Bacillota"	"Clostridia"	"Lachnospirales"	"Lachnospiraceae"	"Agathobacter"	""	""	0.96	"TACGTATGGTGCAAGCGTTATCCGGATTTACTGGGTGTAAAGGGAGCGCAGGCGGTGCGGCAAGTCTGATGTGAAAGCCCGGGGCTCAACTCCGGTACTGCATTGGAAACTGTCGTACTAGAGTGTCGGAGGGGTAAGCGGAATTCCTAGTGTAGCGGTGAAATGCGTAGATATTAGGAGGAACACCAGTGGCGAAGGCGGCTTACTGGACGATAACTGACGCTGAGGCTCGAAAGCGTGGGGAGCAAACAGG"	0.00848070158531297
"6851a4ee264b56be2fff4686ce269907"	"Bacteria"	"Bacillota"	"Clostridia"	"Lachnospirales"	"Lachnospiraceae"	"Anaerobutyricum"	""	""	1	"TACGTATGGAGCAAGCGTTATCCGGATTTACTGGGTGTAAAGGGTGCGTAGGTGGCAGTGCAAGTCAGATGTGAAAGGCCGGGGCTCAACCCCGGAGCTGCATTTGAAACTGCTCGGCTAGAGTACAGGAGAGGCAGGCGGAATTCCTAGTGTAGCGGTGAAATGCGTAGATATTAGGAGGAACACCAGTGGCGAAGGCGGCCTGCTGGACTGTTACTGACACTGAGGCACGAAAGCGTGGGGAGCAAACAGG"	0.01729870380186
"68d79c3035521e82b504b081a197d2ed"	"Bacteria"	"Bacillota"	"Clostridia"	"Oscillospirales"	"Oscillospiraceae"	"UCG-002"	""	""	1	"TACGTAGGTGGCAAGCGTTGTCCGGATTTACTGGGTGTAAAGGGCGTGTAGCCGGGAAGGCAAGTCAGATGTGAAATCCACGGGCTCAACTCGTGAACTGCATTTGAAACTGTTTTTCTTGAGTATCGGAGAGGCAATCGGAATTCCTAGTGTAGCGGTGAAATGCGTAGATATTAGGAGGAACACCAGTGGCGAAGGCGGATTGCTGGACGACAACTGACGGTGAGGCGCGAAAGCGTGGGGAGCAAACAGG"	0.00120464511155014
"69b90707f6f3da7941026fbe6a1597ce"	"Bacteria"	"Bacillota"	"Clostridia"	"Lachnospirales"	"Lachnospiraceae"	"Lachnospiraceae FCS020 group"	""	""	0.94	"TACGTAGGGGGCAAGCGTTATCCGGATTTACTGGGTGTAAAGGGAGCGTAGACGGCTTTGCAAGTCTGACGTGAAACTCCGGGGCTCAACTCCGGAACTGCGTTGGAAACTGTAAGGCTTGAGTGCCGGAGAGGTAAGCGGAATTCCTAGTGTAGCGGTGAAATGCGTAGATATTAGGAGGAACACCAGTGGCGAAGGCGGCTTACTGGACGGCAACTGACGTTGAGGCTCGAAAGCGTGGGGAGCAAACAGG"	0.00289114826772033
"6ec1023583647a401269990c4e8ad716"	"Bacteria"	"Bacillota"	"Clostridia"	"Lachnospirales"	"Lachnospiraceae"	"Lachnospira"	""	"pectinoschiza"	1	"TACGTATGGAGCAAGCGTTATCCGGATTTACTGGGTGTAAAGGGAGTGTAGGTGGCATCACAAGTCAGAAGTGAAAGCCCGGGGCTCAACCCCGGGACTGCTTTTGAAACTGTGGAGCTGGAGTGCAGGAGAGGCAAGTGGAATTCCTAGTGTAGCGGTGAAATGCGTAGATATTAGGAGGAACACCAGTGGCGAAGGCGGCTTGCTGGACTGTAACTGACACTGAGGCTCGAAAGCGTGGGGAGCAAACAGG"	0.00520406688189659
"742e1f191223f58590661de80b9d6e3b"	"Bacteria"	"Bacteroidota"	"Bacteroidia"	"Bacteroidales"	"Rikenellaceae"	"Alistipes"	"onderdonkii"	""	1	"TACGGAGGATTCAAGCGTTATCCGGATTTATTGGGTTTAAAGGGTGCGTAGGCGGTTTGATAAGTTAGAGGTGAAATCCCGGGGCTTAACTCCGGAACTGCCTCTAATACTGTTAGACTAGAGAGTAGTTGCGGTAGGCGGAATGTATGGTGTAGCGGTGAAATGCTTAGAGATCATACAGAACACCGATTGCGAAGGCAGCTTACCAAACTATATCTGACGTTGAGGCACGAAAGCGTGGGGAGCAAACAGG"	0.00096371608924011
"871b99772b7ead3ed8a217f566729af6"	"Bacteria"	"Actinomycetota"	"Coriobacteriia"	"Coriobacteriales"	"Coriobacteriales Incertae Sedis"	""	""	""	1	"TACGTATGGAGCAAGCGTTATCCGGATTTATTGGGCGTAAAGCGCGCGTAGGCGGCTTGTTAAGCAAGGTCTTAAATCTTGGGGCTCAACCTCAAGCCGGATCTTGAACTGGCAGGCTCGAGTATGGTAGAGGAAAGTGGAATTCCCAGTGTAGCGGTGGAATGCGCAGATATTGGGAAGAACACCGATGGCGAAGGCAGCTTTCTGGGCCATTACTGACGCTGAGGTGCGAAAGCTAGGGGAGCAAACAGG"	0.00746879969161085
"87c18e8ee3789954404f2c1a35079a09"	"Bacteria"	"Bacillota"	"Clostridia"	"Lachnospirales"	"Lachnospiraceae"	"Anaerobutyricum"	""	""	1	"TACGTATGGAGCAAGCGTTATCCGGATTTACTGGGTGTAAAGGGTGCGTAGGTGGCAGTGCAAGTCAGATGTGAAAGGCCGGGGCTCAACCCCGGAGCTGCATTTGAAACTGCATAGCTGGAGTACAGGAGAGGCAGGCGGAATTCCTAGTGTAGCGGTGAAATGCGTAGATATTAGGAGGAACACCAGTGGCGAAGGCGGCCTGCTGGACTGTTACTGACACTGAGGCACGAAAGCGTGGGGAGCAAACAGG"	0.00212017539632824
"8af49bc8a804f6d85ca5fa00a7c9dda8"	"Bacteria"	"Bacillota"	"Negativicutes"	"Veillonellales-Selenomonadales"	"Veillonellaceae"	"Dialister"	""	"succinatiphilus"	0.97	"TACGTAGGTGGCAAGCGTTGTCCGGAATTATTGGGCGTAAAGCGCGCGCAGGCGGCTTTCTAAGTCCATCTTAAAAGTGCGGGGCTTAACCCCGTGATGGGATGGAAACTGGGAAGCTGGAGTATCGGAGAGGAAAGTGGAATTCCTAGTGTAGCGGTGAAATGCGTAGAGATTAGGAAGAACACCGGTGGCGAAGGCGACTTTCTGGACGACAACTGACGCTGAGGCGCGAAAGCGTGGGGAGCAAACAGG"	0.00539681009974462
"8d703908c09c7cb0da2a4398dd74f9f8"	"Bacteria"	"Bacillota"	"Clostridia"	"Peptostreptococcales-Tissierellales"	"Peptostreptococcaceae"	"Terrisporobacter"	""	"mayombei"	1	"TACGTAGGGGGCTAGCGTTATCCGGATTTACTGGGCGTAAAGGGTGCGTAGGTGGTTTCTTAAGTCAGGAGTGAAAGGCTACGGCTCAACCGTAGTAAGCTCTTGAAACTGGGAAACTTGAGTGCAGGAGAGGAAAGTGGAATTCCTAGTGTAGCGGTGAAATGCGTAGATATTAGGAGGAACACCAGTAGCGAAGGCGGCTTTCTGGACTGTAACTGACACTGAGGCACGAAAGCGTGGGGAGCAAACAGG"	0.00125283091601214
"8e175abe6a746b8f33bae9cd7c8192bb"	"Bacteria"	"Bacillota"	"Clostridia"	"Oscillospirales"	"Ruminococcaceae"	"Faecalibacterium"	"prausnitzii"	"prausnitzii"	1	"AACGTAGGTCACAAGCGTTGTCCGGAATTACTGGGTGTAAAGGGAGCGCAGGCGGGAGAACAAGTTGGAAGTGAAATCCATGGGCTCAACCCATGAACTGCTTTCAAAACTGTTTTTCTTGAGTAGTGCAGAGGTAGGCGGAATTCCCGGTGTAGCGGTGGAATGCGTAGATATCGGGAGGAACACCAGTGGCGAAGGCGGCCTACTGGGCACCAACTGACGCTGAGGCTCGAAAGTGTGGGTAGCAAACAGG"	0.026598564063027
"923f521b9cf313f1f95c9367e09bbc1c"	"Bacteria"	"Bacillota"	"Negativicutes"	"Veillonellales-Selenomonadales"	"Veillonellaceae"	"Veillonella"	"dispar"	""	0.6	"TACGTAGGTGGCAAGCGTTGTCCGGAATTATTGGGCGTAAAGCGCGCGCAGGCGGATTGGTCAGTCTGTCTTAAAAGTTCGGGGCTTAACCCCGTGATGGGATGGAAACTGCCAATCTAGAGTATCGGAGAGGAAAGTGGAATTCCTAGTGTAGCGGTGAAATGCGTAGATATTAGGAAGAACACCAGTGGCGAAGGCGACTTTCTGGACGAAAACTGACGCTGAGGCGCGAAAGCCAGGGGAGCGAACGGG"	0.000770972871392088
"9639a3291729a3758207b47715d9205f"	"Bacteria"	"Bacillota"	"Clostridia"	"Oscillospirales"	"Ruminococcaceae"	"Gemmiger"	""	"formicilis"	1	"AACGTAGGGTGCAAGCGTTGTCCGGAATTACTGGGTGTAAAGGGAGCGCAGGCGGACCGGCAAGTTGGAAGTGAAAACTATGGGCTCAACCCATAAATTGCTTTCAAAACTGCTGGCCTTGAGTAGTGCAGAGGTAGGTGGAATTCCCGGTGTAGCGGTGGAATGCGTAGATATCGGGAGGAACACCAGTGGCGAAGGCGACCTACTGGGCACCAACTGACGCTGAGGCTCGAAAGCATGGGTAGCAAACAGG"	0.0401869609213126
"973ca62579b1246f54829278d51475ea"	"Bacteria"	"Bacillota"	"Clostridia"	"Lachnospirales"	"Lachnospiraceae"	"[Eubacterium] xylanophilum group"	""	""	1	"TACGTAGGGGGCAAGCGTTATCCGGATTTACTGGGTGTAAAGGGTGCGTAGGTGGCAAGGCAAGTCAGATGTGAAAGCCCGGGGCTCAACCCCGGTACTGCATTTGAAACTGTCTAGCTAGAGTGCAGGAGAGGTAAGCGGAATTCCTAGTGTAGCGGTGAAATGCGTAGATATTAGGAGGAACACCAGTGGCGAAGGCGGCTTACTGGACTGTAACTGACACTGAGGCACGAAAGCGTGGGGAGCAAACAGG"	0.000819158675854093
"9904009a0e14e24b0a6e25eeeeff3e95"	"Bacteria"	"Bacillota"	"Clostridia"	"Oscillospirales"	"Oscillospiraceae"	"Colidextribacter"	""	""	0.99	"TACGTAGGTGGCAAGCGTTATCCGGATTTACTGGGTGTAAAGGGCGTGTAGGCGGGATTGCAAGTCAGATGTGAAAACCACGGGCTCAACCTGTGGCCTGCATTTGAAACTGTAGTTCTTGAGTACTGGAGAGGCAGACGGAATTCCTAGTGTAGCGGTGAAATGCGTAGATATTAGGAGGAACACCAGTGGCGAAGGCGGTCTGCTGGACAGCAACTGACGCTGAGGCGCGAAAGCGTGGGGAGCAAACAGG"	0.00106008769816412
"99deb3c5ecb022ec05609ebd1112a557"	"Bacteria"	"Bacteroidota"	"Bacteroidia"	"Bacteroidales"	"Bacteroidaceae"	"Bacteroides"	"vulgatus"	"vulgatus"	0.58	"TACGGAGGATCCGAGCGTTATCCGGATTTATTGGGTTTAAAGGGAGCGTAGATGGATGTTTAAGTCAGTTGTGAAAGTTTGCGGCTCAACCGTAAAATTGCAGTTGATACTGGATATCTTGAGTGCAGTTGAGGCAGGCGGAATTCGTGGTGTAGCGGTGAAATGCTTAGATATCACGAAGAACTCCGATTGCGAAGGCAGCCTGCTAAGCTGCAACTGACATTGAGGCTCGAAAGTGTGGGTATCAAACAGG"	0.00737242808268684
"9b12ea14bff8a37dc1d39b36b5b904d6"	"Bacteria"	"Bacillota"	"Clostridia"	"Peptostreptococcales-Tissierellales"	"Anaerovoracaceae"	"Family XIII AD3011 group"	""	""	0.9	"TACGTAGGGGGCAAGCGTTATCCGGAATTATTGGGCGTAAAGAGTACGTAGGTGGTTTTCTAAGCACGGGGTTTAAGGCAATGGCTTAACCATTGTTCGCCTTGTGAACTGGAAGACTTGAGTGCAGGAGAGGAAAGCGGAATTCCTAGTGTAGCGGTGAAATGCGTAGATATTAGGAGGAACACCAGTGGCGAAGGCGGCTTTCTGGACTGTAACTGACACTGAGGTACGAAAGCGTGGGGAGCAAACAGG"	0.000289114826772033
"9e1f282914b07cd79711ce21e7cf4aff"	"Bacteria"	"Bacillota"	"Clostridia"	"Lachnospirales"	"Lachnospiraceae"	"[Eubacterium] eligens group"	""	""	1	"TACGTATGGAGCAAGCGTTATCCGGATTTACTGGGTGTAAAGGGAGTGTAGGTGGCCATGCAAGTCAGAAGTGAAAATCCGGGGCTCAACCCCGGAACTGCTTTTGAAACTGTAAGGCTAGAGTGCAGGAGGGGTGAGTGGAATTCCTAGTGTAGCGGTGAAATGCGTAGATATTAGGAGGAACACCAGTGGCGAAGGCGGCTCACTGGACTGTAACTGACACTGAGGCTCGAAAGCGTGGGGAGCAAACAGG"	0.00192743217848022
"a18c0c17fce3d52dc60506e8730bc996"	"Bacteria"	"Bacillota"	"Clostridia"	"Oscillospirales"	"Butyricicoccaceae"	"Agathobaculum"	""	""	1	"TACGTAGGGAGCAAGCGTTATCCGGATTTACTGGGTGTAAAGGGCGCGCAGGCGGGCCGGTAAGTTGGAAGTGAAATCTATGGGCTTAACCCATAAACTGCTTTCAAAACTGCTGGTCTTGAGTGATGGAGAGGCAGGCGGAATTCCGTGTGTAGCGGTGAAATGCGTAGATATACGGAGGAACACCAGTGGCGAAGGCGGCCTGCTGGACATTAACTGACGCTGAGGCGCGAAAGCGTGGGGAGCAAACAGG"	0.00717968486483882
"a730ef0685ea600be854be1842a6b362"	"Bacteria"	"Bacteroidota"	"Bacteroidia"	"Bacteroidales"	"Marinifilaceae"	"Odoribacter"	"splanchnicus"	"splanchnicus"	1	"TACGGAGGATGCGAGCGTTATCCGGATTTATTGGGTTTAAAGGGTGCGTAGGCGGTTTATTAAGTTAGTGGTTAAATATTTGAGCTAAACTCAATTGTGCCATTAATACTGGTAAACTGGAGTACAGACGAGGTAGGCGGAATAAGTTAAGTAGCGGTGAAATGCATAGATATAACTTAGAACTCCGATAGCGAAGGCAGCTTACCAGACTGTAACTGACGCTGATGCACGAGAGCGTGGGTAGCGAACAGG"	0.000289114826772033
"a85414d00d7f63d6e200967b1ba7d397"	"Bacteria"	"Bacillota"	"Clostridia"	"Lachnospirales"	"Lachnospiraceae"	"Mediterraneibacter"	""	""	0.98	"TACGTATGGTGCAAGCGTTATCCGGATTTACTGGGTGTAAAGGGAGCGTAGACGGAGTGGCAAGTCTGATGTGAAAACCCGGGGCTCAACCCCGGGACTGCATTGGAAACTGTCAATCTGGAGTACCGGAGAGGTAAGCGGAATTCCTAGTGTAGCGGTGAAATGCGTAGATATTAGGAGGAACACCAGTGGCGAAGGCGGCTTACTGGACGGTAACTGACGTTGAGGCTCGAAAGCGTGGGGAGCAAACAGG"	0.00298751987664434
"aac0099991c8518a5268b1a19a84550b"	"Bacteria"	"Bacillota"	"Clostridia"	"Lachnospirales"	"Lachnospiraceae"	"Anaerobutyricum"	""	""	1	"TACGTATGGAGCAAGCGTTATCCGGATTTACTGGGTGTAAAGGGTGCGTAGGTGGCAGTGCAAGTCAGATGTGAAAGGCCGGGGCTCAACCCCGGAGCTGCATTTGAAACTGCATAGCTAGAGTACAGGAGAGGCAGGCGGAATTCCTAGTGTAGCGGTGAAATGCGTAGATATTAGGAGGAACACCAGTGGCGAAGGCGGCCTGCTGGACTGTTACTGACACTGAGGCACGAAAGCGTGGGGAGCAAACAGG"	0.00284296246325832
"aff3962bbd7607a2971161d9840ca409"	"Bacteria"	"Bacillota"	"Clostridia"	"Oscillospirales"	"Ruminococcaceae"	"Acutalibacter"	""	""	1	"TACGTAGGGAGCAAGCGTTGTCCGGATTTACTGGGTGTAAAGGGTGCGTAGGCGGTTTGGTAAGTCAGAAGTGAAATCCATGGGCTTAACCCATGAACTGCTTTTGAAACTATCGAACTTGAGTGAAGTAGAGGTAGGCGGAATTCCCGGTGTAGCGGTGAAATGCGTAGAGATCGGGAGGAACACCAGTGGCGAAGGCGGCCTACTGGGCTTTAACTGACGCTGAGGCACGAAAGCATGGGTAGCAAACAGG"	0.00106008769816412
"b15193fce14759d1c06728933e044af6"	"Bacteria"	"Bacteroidota"	"Bacteroidia"	"Bacteroidales"	"Bacteroidaceae"	"Bacteroides"	"uniformis"	"uniformis"	1	"TACGGAGGATCCGAGCGTTATCCGGATTTATTGGGTTTAAAGGGAGCGTAGGCGGACGCTTAAGTCAGTTGTGAAAGTTTGCGGCTCAACCGTAAAATTGCAGTTGATACTGGGTGTCTTGAGTACAGTAGAGGCAGGCGGAATTCGTGGTGTAGCGGTGAAATGCTTAGATATCACGAAGAACTCCGATTGCGAAGGCAGCTTGCTGGACTGTAACTGACGCTGATGCTCGAAAGTGTGGGTATCAAACAGG"	0.00356574953018841
"b726627e18f29e0da5289f81ca294f92"	"Bacteria"	"Bacillota"	"Clostridia"	"Oscillospirales"	"Ruminococcaceae"	"Gemmiger"	""	""	1	"AACGTAGGGTGCAAGCGTTGTCCGGAATTACTGGGTGTAAAGGGAGCGCAGGCGGACCGGCAAGTTGGAAGTGAAATCCATGGGCTCAACCCGTGAATTGCTTTCAAAACTGCTGGCCTTGAGTAGTGCAGAGGTAGGTGGAATTCCCGGTGTAGCGGTGGAATGCGTAGATATCGGGAGGAACACCAGTGGCGAAGGCGACCTACTGGGCACCAACTGACGCTGAGGCTCGAAAGCATGGGTAGCAAACAGG"	0.00115645930708813
"b8f3e25d11280a9e2189700e107de07c"	"Bacteria"	"Actinomycetota"	"Coriobacteriia"	"Coriobacteriales"	"Eggerthellaceae"	"Adlercreutzia"	""	""	1	"TACGTAGGGGGCGAGCGTTATCCGGAATGATTGGGCGTAAAGCGCGCGCAGGCGGCCGCTCAAGCGGGACCTCTAACCCCGGGGCTCAACCCCGGGCCGGGTCCCGAACTGGGCGGCTCGAGTGCGGTAGGGGAGAGCGGAATTCCAAGTGTAGCGGTGAAATGCGCAGATATTTGGAAGAACACCGATGGCGAAGGCAGCTCTCTGGGCCGTCACTGACGCTGAGGCGCGAAAGCCGGGGGAGCGAACAGG"	0.00207198959186624
"bd5ef8f372e09bcf6ec35825be4f053c"	"Bacteria"	"Bacillota"	"Clostridia"	"Lachnospirales"	"Lachnospiraceae"	"Coprococcus"	"comes"	"comes"	0.97	"TACGTATGGTGCAAGCGTTATCCGGATTTACTGGGTGTAAAGGGAGCGTAGACGGCTGTGTAAGTCTGAAGTGAAAGCCCGGGGCTCAACCCCGGGACTGCTTTGGAAACTATGCAGCTAGAGTGTCGGAGAGGTAAGTGGAATTCCCAGTGTAGCGGTGAAATGCGTAGATATTGGGAGGAACACCAGTGGCGAAGGCGGCTTACTGGACGATGACTGACGTTGAGGCTCGAAAGCGTGGGGAGCAAACAGG"	0.0224545848792946
"bed671b4676144142cebd192b690f499"	"Bacteria"	"Bacillota"	"Clostridia"	"Lachnospirales"	"Lachnospiraceae"	"Blautia"	""	"faecis"	0.98	"TACGTAGGGGGCAAGCGTTATCCGGATTTACTGGGTGTAAAGGGAGCGTAGACGGCGCAGCAAGTCTGATGTGAAAGGCAGGGGCTTAACCCCTGGACTGCATTGGAAACTGCTGTGCTTGAGTGCCGGAGGGGTAAGCGGAATTCCTAGTGTAGCGGTGAAATGCGTAGATATTAGGAGGAACACCAGTGGCGAAGGCGGCTTACTGGACGGTAACTGACGTTGAGGCTCGAAAGCGTGGGGAGCAAACAGG"	0.00554136751313063
"bf611493002f5918a68778bde2def567"	"Bacteria"	"Bacteroidota"	"Bacteroidia"	"Bacteroidales"	"Bacteroidaceae"	"Bacteroides"	"ovatus"	""	0.66	"TACGGAGGATCCGAGCGTTATCCGGATTTATTGGGTTTAAAGGGAGCGTAGGTGGATTGTTAAGTCAGTTGTGAAAGTTTGCGGCTCAACCGTAAAATTGCAGTTGAAACTGGCAGTCTTGAGTACAGTAGAGGTGGGCGGAATTCGTGGTGTAGCGGTGAAATGCTTAGATATCACGAAGAACTCCGATTGCGAAGGCAGCTCACTAGACTGCAACTGACACTGATGCTCGAAAGTGTGGGTATCAAACAGG"	0.00322844889895437
"c48070f3061b086b60ff32f77e0002fa"	"Bacteria"	"Bacillota"	"Clostridia"	"Oscillospirales"	"Ruminococcaceae"	"Gemmiger"	""	""	0.78	"AACGTAGGGTGCAAGCGTTGTCCGGAATTACTGGGTGTAAAGGGAGCGCAGGCGGGAAGACAAGTTGGAAGTGAAAACCATGGGCTCAACCCATGAATTGCTTTCAAAACTGTTTTTCTTGAGTAGTGCAGAGGTAGATGGAATTCCCGGTGTAGCGGTGGAATGCGTAGATATCGGGAGGAACACCAGTGGCGAAGGCGGTCTACTGGGCACCAACTGACGCTGAGGCTCGAAAGCATGGGTAGCAAACAGG"	0.0605213704042789
"c49d7dbb7ae855afa8083108ec4a2e16"	"Bacteria"	"Bacillota"	"Bacilli"	"Lactobacillales"	"Streptococcaceae"	"Streptococcus"	""	""	1	"TACGTAGGTCCCGAGCGTTGTCCGGATTTATTGGGCGTAAAGCGAGCGCAGGCGGTTTGATAAGTCTGAAGTTAAAGGCTGTGGCTTAACCATAGTACGCTTTGGAAACTGTTTAACTTGAGTGCAGAAGGGGAGAGTGGAATTCCATGTGTAGCGGTGAAATGCGTAGATATATGGAGGAACACCGGTGGCGAAAGCGGCTCTCTGGTCTGTAACTGACGCTGAGGCTCGAAAGCGTGGGGAGCAAACAGG"	0.00120464511155014
"c6c3ab4e828fb40d6e05967b7aac9338"	"Bacteria"	"Bacillota"	"Clostridia"	"Lachnospirales"	"Lachnospiraceae"	"Blautia"	"obeum"	""	0.66	"TACGTAGGGGGCAAGCGTTATCCGGATTTACTGGGTGTAAAGGGAGCGTAGACGGTGTGGCAAGTCTGATGTGAAAGGCATGGGCTCAACCTGTGGACTGCATTGGAAACTGTCATACTTGAGTGCCGGAGGGGTAAGCGGAATTCCTAGTGTAGCGGTGAAATGCGTAGATATTAGGAGGAACACCAGTGGCGAAGGCGGCTTACTGGACGGTAACTGACGTTGAGGCTCGAAAGCGTGGGGAGCAAACAGG"	0.0365730255866622
"cb3bfa7ac2b500c6a49d88ce9412dbea"	"Bacteria"	"Bacillota"	"Bacilli"	"Erysipelotrichales"	"Erysipelotrichaceae"	""	""	""	1	"TACGTAGGTGGCGAGCGTTATCCGGAATCATTGGGCGTAAAGGGTGCGTAGGTGGCACGATAAGTCTGTAGTAAAAGGCAGCGGCTCAACCGCTGTTGGCTATGGAAACTGTCGAGCTGGAGTGCAGAAGAGGGCGATGGAATTCCATGTGTAGCGGTAAAATGCGTAGATATATGGAGGAACACCAGTGGCGAAGGCGGCCGCCTGGTCTGCAACTGACACTGAAGCACGAAAGCGTGGGGAGCAAATAGG"	0.000337300631234038
"cb89e1b7ff82a658c8def6e75f5c14bc"	"Bacteria"	"Bacillota"	"Clostridia"	"Lachnospirales"	"Lachnospiraceae"	"Lachnotalea"	""	""	0.57	"TACGTAGGGGGCAAGCGTTATCCGGATTTACTGGGTGTAAAGGGAGCGTAGGTGGTATGGCAAGTCAGAGGTGAAAACCCAGGGCTTAACCTTGGGATTGCCTTTGAAACTGTCAGACTAGAGTGCAGGAGGGGTAAGTGGAATTCCTAGTGTAGCGGTGAAATGCGTAGATATTAGGAGGAACACCAGTGGCGAAGGCGGCTTACTGGACTGTAACTGACACTGAGGCTCGAAAGCGTGGGGAGCAAACAGG"	0.000867344480316099
"cbd78efd85b15ef4ac0450160a74dda3"	"Bacteria"	"Bacteroidota"	"Bacteroidia"	"Bacteroidales"	"Bacteroidaceae"	"Bacteroides"	"vulgatus"	""	0.81	"TACGGAGGATTCGAGCGTTATCCGGATTTATTGGGTTTAAAGGGAGCGTAGATGGATGTTTAAGTCAGTTGTGAAAGTTTGCGGCTCAACCGTAAAATTGCAGTTGATACTGGATATCTTGAGTGCAGTTGAGGCAGGCGGAATTCGTGGTGTAGCGGTGAAATGCTTAGATATCACGAAGAACTCCGATTGCGAAGGCAGCCTGCTAAGCTGCAACTGACATTGAGGCTCGAAAGTGTGGGTATCAAACAGG"	0.00409579337927047
"d380b9ae91e3875a70ff329e4889cb72"	"Bacteria"	"Bacillota"	"Clostridia"	"Lachnospirales"	"Lachnospiraceae"	"Anaerostipes"	"hadrus"	"hadrus"	1	"TACGTAGGGGGCAAGCGTTATCCGGAATTACTGGGTGTAAAGGGTGCGTAGGTGGTATGGCAAGTCAGAAGTGAAAACCCAGGGCTTAACTCTGGGACTGCTTTTGAAACTGTCAGACTAGAGTGCAGGAGAGGTAAGCGGAATTCCTAGTGTAGCGGTGAAATGCGTAGATATTAGGAGGAACATCAGTGGCGAAGGCGGCTTACTGGACTGAAACTGACACTGAGGCACGAAAGCGTGGGGAGCAAACAGG"	0.0052522526863586
"d622c6bc1d5e3a4f0403d7d208981372"	"Bacteria"	"Bacillota"	"Clostridia"	"Lachnospirales"	"Lachnospiraceae"	"Lachnospiraceae NK4A136 group"	""	""	0.76	"TACGTAGGGGGCAAGCGTTATCCGGATTTACTGGGTGTAAAGGGAGCGTAGACGGCAAGGCAAGTCTGAAGTGAAAGCCCGGTGCTTAACGCCGGGACTGCTTTGGAAACTGTTTAGCTGGAGTGCCGGAGAGGTAAGCGGAATTCCTAGTGTAGCGGTGAAATGCGTAGATATTAGGAAGAACACCAGTGGCGAAGGCGGCTTACTGGACGGTAACTGACGTTGAGGCTCGAAAGCGTGGGGAGCAAACAGG"	0.00332482050787838
"d76d59ec71de0e3b22da0c9cd564d41a"	"Bacteria"	"Bacillota"	"Clostridia"	"Lachnospirales"	"Lachnospiraceae"	"Fusicatenibacter"	""	"saccharivorans"	1	"TACGTAGGGGGCAAGCGTTATCCGGATTTACTGGGTGTAAAGGGAGCGTAGACGGCAAGGCAAGTCTGATGTGAAAACCCAGGGCTTAACCCTGGGACTGCATTGGAAACTGTCTGGCTCGAGTGCCGGAGAGGTAAGCGGAATTCCTAGTGTAGCGGTGAAATGCGTAGATATTAGGAAGAACACCAGTGGCGAAGGCGGCTTACTGGACGGTAACTGACGTTGAGGCTCGAAAGCGTGGGGAGCAAACAGG"	0.0759890136365827
"d8e7f9181e4d5a4a6453e9ca9996a43f"	"Bacteria"	"Bacteroidota"	"Bacteroidia"	"Bacteroidales"	"Tannerellaceae"	"Parabacteroides"	"merdae"	"merdae"	1	"TACGGAGGATGCGAGCGTTATCCGGATTTATTGGGTTTAAAGGGTGCGTAGGTGGTGATTTAAGTCAGCGGTGAAAGTTTGTGGCTCAACCATAAAATTGCCGTTGAAACTGGGTTACTTGAGTGTGTTTGAGGTAGGCGGAATGCGTGGTGTAGCGGTGAAATGCATAGATATCACGCAGAACTCCGATTGCGAAGGCAGCTTACTAAACCATAACTGACACTGAAGCACGAAAGCGTGGGGATCAAACAGG"	0.00867344480316099
"da24f9cb0caa02c0c8b329f46ba9e876"	"Bacteria"	"Bacillota"	"Clostridia"	"Lachnospirales"	"Lachnospiraceae"	"Agathobacter"	""	""	0.99	"TACGTATGGTGCAAGCGTTATCCGGATTTACTGGGTGTAAAGGGAGCGCAGGCGGTGCGGCAAGTCTGATGTGAAAGCCCGGGGCTCAACCCCGGTACTGCATTGGAAACTGTCGTACTAGAGTGTCGGAGGGGTAAGCGGAATTCCTAGTGTAGCGGTGAAATGCGTAGATATTAGGAGGAACACCAGTGGCGAAGGCGGCTTGCTGGACGATAACTGACGCTGAGGCTCGAAAGCGTGGGGAGCAAACAGG"	0.0102635763504072
"db7f42d2a4ded289e177bb4c00edff61"	"Bacteria"	"Bacillota"	"Clostridia"	"Lachnospirales"	"Lachnospiraceae"	"Lachnospiraceae NK4A136 group"	"bacterium"	"bacterium"	0.98	"TACGTAGGGGGCAAGCGTTATCCGGATTTACTGGGTGTAAAGGGAGCGTAGACGGTTTTGCAAGTCTGAAGTGAAAGCCCGGGGCTTAACCCCGGGACTGCTTTGGAAACTGTAGAACTAGAGTGCAGGAGAGGTAAGTGGAATTCCTAGTGTAGCGGTGAAATGCGTAGATATTAGGAGGAACACCAGTGGCGAAGGCGGCTTACTGGACTGTAACTGACGTTGAGGCTCGAAAGCGTGGGGAGCAAACAGG"	0.000867344480316099
"dd918c333e5c4fef9c92068fddda1c3e"	"Bacteria"	"Bacillota"	"Clostridia"	"Clostridiales"	"Clostridiaceae"	"Clostridium"	"celatum"	""	0.57	"TACGTAGGTGGCAAGCGTTGTCCGGATTTACTGGGCGTAAAGGGAGCGTAGGCGGACTTTTAAGTGAGATGTGAAATACCCGGGCTCAACTTGGGTGCTGCATTTCAAACTGGAAGTCTAGAGTGCAGGAGAGGAGAATGGAATTCCTAGTGTAGCGGTGAAATGCGTAGAGATTAGGAAGAACACCAGTGGCGAAGGCGATTCTCTGGACTGTAACTGACGCTGAGGCTCGAAAGCGTGGGGAGCAAACAGG"	0.00250566183202429
"df37b62e507e32409df4885c1ad2ce14"	"Bacteria"	"Bacteroidota"	"Bacteroidia"	"Bacteroidales"	"Bacteroidaceae"	"Bacteroides"	"coprocola"	"coprocola"	1	"TACGGAGGATGCGAGCGTTATCCGGATTTATTGGGTTTAAAGGGAGCGCAGACGGGAGATTAAGTCAGTTGTGAAAGTTTGCGGCTCAACCGTAAAATTGCAGTTGATACTGGTTTCCTTGAGTGCAGTTGAGGCAGGCGGAATTCGTGGTGTAGCGGTGAAATGCTTAGATATCACGAAGAACCCCGATTGCGAAGGCAGCTTGCTAAACTGTAACTGACGTTCATGCTCGAAAGTGTGGGTATCAAACAGG"	0.096082494097239
"e108ca6f8b09525ec97287cf281c32aa"	"Bacteria"	"Bacillota"	"Clostridia"	"Lachnospirales"	"Lachnospiraceae"	"Dorea"	""	""	0.9	"TACGTAGGGGGCAAGCGTTATCCGGATTTACTGGGTGTAAAGGGAGCGTAGACGGCATTGCAAGCCAGATGTGAAAGCCCGGGGCTCAACCCCGGGACTGCATTTGGAACTGCTGAGCTAGAGTGTCGGAGAGGCAAGTGGAATTCCTAGTGTAGCGGTGAAATGCGTAGATATTAGGAGGAACACCAGTGGCGAAGGCGGCTTGCTGGACGATGACTGACGTTGAGGCTCGAAAGCGTGGGGAGCAAACAGG"	0.00096371608924011
"e220e84c750738e230e8ecfe97decc4c"	"Bacteria"	"Bacillota"	"Clostridia"	"Lachnospirales"	"Lachnospiraceae"	"Faecalimonas"	""	""	1	"TACGTAGGGGGCAAGCGTTATCCGGATTTACTGGGTGTAAAGGGAGCGTAGACGGTATGGCAAGTCTGATGTGAAAGGCCAGGGCTCAACCCTGGGACTGCATTGGAAACTGTCGAACTAGAGTGTCGGAGAGGCAAGTGGAATTCCTAGTGTAGCGGTGAAATGCGTAGATATTAGGAGGAACACCAGTGGCGAAGGCGGCTTGCTGGACGATGACTGACGTTGAGGCTCGAAAGCGTGGGGAGCAAACAGG"	0.00163831735170819
"e657205bc51c1db7e6a38c33a084749d"	"Bacteria"	"Bacillota"	"Clostridia"	"Oscillospirales"	"Oscillospiraceae"	"Intestinimonas"	""	""	0.8	"TACGTAGGGAGCAAGCGTTATCCGGATTTACTGGGTGTAAAGGGCGTGTAGGCGGGAGTGCAAGTCAGATGTGAAAACTATGGGCTCAACCCATAGCCTGCATTTGAAACTGTACTTCTTGAGTACTGGAGAGGCAGGCGGAATTCCGTGTGTAGCGGTGAAATGCGTAGATATACGGAGGAACACCAGTGGCGAAGGCGGCCTGCTGGACAGCAACTGACGCTGAGGCGCGAAAGCGTGGGGAGCAAACAGG"	0.00356574953018841
"e865f29a716e8d51f83931befa951240"	"Bacteria"	"Bacillota"	"Bacilli"	"Erysipelotrichales"	"Erysipelatoclostridiaceae"	"Erysipelotrichaceae UCG-003"	""	"bacterium"	1	"TACGTAGGTGGCGAGCGTTATCCGGAATTATTGGGCGTAAAGAGGGAGCAGGCGGCACTAAGGGTCTGTGGTGAAAGATCGAAGCTTAACTTCGGTAAGCCATGGAAACCGTAGAGCTAGAGTGTGTGAGAGGATCGTGGAATTCCATGTGTAGCGGTGAAATGCGTAGATATATGGAGGAACACCAGTGGCGAAGGCGACGATCTGGCGCATAACTGACGCTCAGTCCCGAAAGCGTGGGGAGCAAATAGG"	0.0101672047414832
"ea758c07b84ff20619a3670f4359789b"	"Bacteria"	"Bacillota"	"Clostridia"	"Oscillospirales"	"Ruminococcaceae"	""	""	""	1	"AACGTAGGGTGCAAGCGTTGTCCGGAATTACTGGGTGTAAAGGGAGCGCAGGCGGGAAGACAAGTTGGAAGTGAAAACCATGGGCTTAACCCATGAATTGCTTTCAAAACTGTTTTTCTTGAGTAGTGCAGAGGTAGATGGAATTCCCGGTGTAGCGGTGGAATGCGTAGATATCGGGAGGAACACCAGTGGCGAAGGCGGTCTACTGGGCACCAACTGACGCTGAGGCTCGAAAGCATGGGTAGCAAACAGG"	0.0111791066351853
"ec6732c2e0d4cf64b3d0350e7fe3defb"	"Bacteria"	"Bacillota"	"Clostridia"	"Lachnospirales"	"Lachnospiraceae"	"Roseburia"	"inulinivorans"	"inulinivorans"	0.87	"TACGTATGGTGCAAGCGTTATCCGGATTTACTGGGTGTAAAGGGAGCGCAGGCGGAAGGCTAAGTCTGATGTGAAAGCCCGGGGCTCAACCCCGGTACTGCATTGGAAACTGGTCATCTAGAGTGTCGGAGGGGTAAGTGGAATTCCTAGTGTAGCGGTGAAATGCGTAGATATTAGGAGGAACACCAGTGGCGAAGGCGGCTTACTGGACGATAACTGACGCTGAGGCTCGAAAGCGTGGGGAGCAAACAGG"	0.0104081337637932
"f4cc6e4932f507b33d1335d801f54563"	"Bacteria"	"Bacillota"	"Clostridia"	"Lachnospirales"	"Lachnospiraceae"	"Dorea"	"formicigenerans"	"formicigenerans"	1	"TACGTAGGGGGCAAGCGTTATCCGGATTTACTGGGTGTAAAGGGAGCGTAGACGGCTGTGCAAGTCTGAAGTGAAAGGCATGGGCTCAACCTGTGGACTGCTTTGGAAACTGTGCAGCTAGAGTGTCGGAGAGGTAAGTGGAATTCCTAGTGTAGCGGTGAAATGCGTAGATATTAGGAGGAACACCAGTGGCGAAGGCGGCTTACTGGACGATGACTGACGTTGAGGCTCGAAAGCGTGGGGAGCAAACAGG"	0.00159013154724618
"f5f5e0da89730462abaf6301a9557193"	"Bacteria"	"Bacillota"	"Clostridia"	"Oscillospirales"	"Ruminococcaceae"	"Faecalibacterium"	"prausnitzii"	""	1	"AACGTAGGTCACAAGCGTTGTCCGGAATTACTGGGTGTAAAGGGAGCGCAGGCGGGAAGACAAGTTGGAAGTGAAATCTATGGGCTCAACCCATAAACTGCTTTCAAAACTGTTTTTCTTGAGTAGTGCAGAGGTAGGCGGAATTCCCGGTGTAGCGGTGGAATGCGTAGATATCGGGAGGAACACCAGTGGCGAAGGCGGCCTACTGGGCACCAACTGACGCTGAGGCTCGAAAGTGTGGGTAGCAAACAGG"	0.153809087842722
"fc00ed40b15cd5fa384b672502a3adc3"	"Bacteria"	"Bacillota"	"Clostridia"	"Lachnospirales"	"Lachnospiraceae"	"Roseburia"	""	""	0.76	"TACGTATGGAGCAAGCGTTATCCGGATTTACTGGGTGTAAAGGGAGCGTAGGCGGTCCTGCAAGTCTGATGTGAAAGGCCGGGGCTCAACCCCGGGACTGCATTGGAAACTGTAGGACTAGAGTGTCGGAGGGGTAAGTGGAATTCCTAGTGTAGCGGTGAAATGCGTAGATATTAGGAGGAACACCAGTGGCGAAGGCGGCTTACTGGACGACTACTGACGCTGAGGCTCGAAAGCGTGGGGAGCAAACAGG"	0.00183106056955621
"fd44d4cb468fd7dc9b3227867714ed87"	"Bacteria"	"Bacteroidota"	"Bacteroidia"	"Bacteroidales"	"Bacteroidaceae"	"Bacteroides"	"dorei"	""	0.99	"TACGGAGGATCCGAGCGTTATCCGGATTTATTGGGTTTAAAGGGAGCGTAGATGGATGTTTAAGTCAGTTGTGAAAGTTTGCGGCTCAACCGTAAAATTGCAGTTGATACTGGATGTCTTGAGTGCAGTTGAGGCAGGCGGAATTCGTGGTGTAGCGGTGAAATGCTTAGATATCACGAAGAACTCCGATTGCGAAGGCAGCCTGCTAAGCTGCAACTGACATTGAGGCTCGAAAGTGTGGGTATCAAACAGG"	0.00366212113911242
"fd496fd32dc8c08ade2e8b6c9d8ee13d"	"Bacteria"	"Bacillota"	"Bacilli"	"Lactobacillales"	"Streptococcaceae"	"Streptococcus"	"salivarius"	""	0.97	"TACGTAGGTCCCGAGCGTTGTCCGGATTTATTGGGCGTAAAGCGAGCGCAGGCGGTTTGATAAGTCTGAAGTTAAAGGCTGTGGCTCAACCATAGTTCGCTTTGGAAACTGTCAAACTTGAGTGCAGAAGGGGAGAGTGGAATTCCATGTGTAGCGGTGAAATGCGTAGATATATGGAGGAACACCGGTGGCGAAAGCGGCTCTCTGGTCTGTAACTGACGCTGAGGCTCGAAAGCGTGGGGAGCGAACAGG"	0.00833614417192695
